,Neker cube test,Cambridge Face Memory Test,Inverted depth decsion
Aliza,0.818181818181818,0.666666666666666,0.25
Eti,0.818181818181818,0.6,0.2
Shahar,0.727272727272727,0.733333333333333,0.31578947368421
4,0.562178083,0.833333333,0.42
5,0.409196164,0.533333333,0.18
6,0.314409146,0.645695369,0.36
7,0.428383157,0.818547625,0.27
8,0.728297026,0.752931516,0.51
9,0.849623173,0.712930879,0.23
10,0.725281396,0.580138925,0.33
