,Neker cube test,Cambridge Face Memory Test,Inverted depth decsion
Neker cube test,0.0,1.018423064792017,1.0755901293622119
Cambridge Face Memory Test,1.018423064792017,0.0,0.4753876320838961
Inverted depth decsion,1.0755901293622119,0.4753876320838961,0.0
